DataSet,Batch_No,SampleID,QC_Category,Orig_SampleID,RepeatResult,OriginalResult,GenericMethod,Element,UnitCode,SystemUnits,LimitLower,LabCode,RepeatRepeatType,OrigRepeatType,RepeatLab,RepeatBatch,RepeatMethod,MeanResult,Preferred,Hole_ID
Arizaro,MEN11000955,518802,CHECK ASSAY,518802,0.074751491,0.078,M122358,Au,ppm,ppm,0.01,ACME,0,0,ALEX STEWART,M122358,,0.076375746,0,ARD 09
Arizaro,MEN11000955,518812,CHECK ASSAY,518812,0.245360825,0.247,M122358,Au,ppm,ppm,0.01,ACME,0,0,ALEX STEWART,M122358,,0.246180412,0,ARD 09
Arizaro,MEN11000955,518822,CHECK ASSAY,518822,0.3556,0.323,M122358,Au,ppm,ppm,0.01,ACME,0,0,ALEX STEWART,M122358,,0.3393,0,ARD 09
Arizaro,MEN11000955,518832,CHECK ASSAY,518832,0.966135458,0.658,M122358,Au,ppm,ppm,0.01,ACME,0,0,ALEX STEWART,M122358,,0.812067729,0,ARD 09
Arizaro,MEN11000955,518842,CHECK ASSAY,518842,0.508467742,0.483,M122358,Au,ppm,ppm,0.01,ACME,0,0,ALEX STEWART,M122358,,0.495733871,0,ARD 09
Arizaro,MEN11000955,518852,CHECK ASSAY,518852,0.152515091,0.602,M122358,Au,ppm,ppm,0.01,ACME,0,0,ALEX STEWART,M122358,,0.377257545,0,ARD 09
Arizaro,MEN11000955,518862,CHECK ASSAY,518862,0.3396,0.366,M122358,Au,ppm,ppm,0.01,ACME,0,0,ALEX STEWART,M122358,,0.3528,0,ARD 09
Arizaro,MEN11000955,518872,CHECK ASSAY,518872,0.260569106,0.04,M122358,Au,ppm,ppm,0.01,ACME,0,0,ALEX STEWART,M122358,,0.150284553,0,ARD 09
Arizaro,MEN11000955,518882,CHECK ASSAY,518882,0.592771084,0.599,M122358,Au,ppm,ppm,0.01,ACME,0,0,ALEX STEWART,M122358,,0.595885542,0,ARD 09
Arizaro,MEN11000955,518892,CHECK ASSAY,518892,0.08458498,0.126,M122358,Au,ppm,ppm,0.01,ACME,0,0,ALEX STEWART,M122358,,0.10529249,0,ARD 09
Arizaro,MEN11000955,518902,CHECK ASSAY,518902,0.545238095,0.379,M122358,Au,ppm,ppm,0.01,ACME,0,0,ALEX STEWART,M122358,,0.462119048,0,ARD 09
Arizaro,MEN11000955,518912,CHECK ASSAY,518912,0.24750499,0.359,M122358,Au,ppm,ppm,0.01,ACME,0,0,ALEX STEWART,M122358,,0.303252495,0,ARD 09
Arizaro,MEN11000956,518922,CHECK ASSAY,518922,0.1856,0.188,M122358,Au,ppm,ppm,0.01,ACME,0,0,ALEX STEWART,M122358,,0.1868,0,ARD 09
Arizaro,MEN11000956,518932,CHECK ASSAY,518932,0.484104628,0.314,M122358,Au,ppm,ppm,0.01,ACME,0,0,ALEX STEWART,M122358,,0.399052314,0,ARD 09
Arizaro,MEN11000956,518942,CHECK ASSAY,518942,0.132113821,0.134,M122358,Au,ppm,ppm,0.01,ACME,0,0,ALEX STEWART,M122358,,0.133056911,0,ARD 09
Arizaro,MEN11000956,518952,CHECK ASSAY,518952,0.1216,0.116,M122358,Au,ppm,ppm,0.01,ACME,0,0,ALEX STEWART,M122358,,0.1188,0,ARD 09
Arizaro,MEN11000956,518962,CHECK ASSAY,518962,0.352079208,0.407,M122358,Au,ppm,ppm,0.01,ACME,0,0,ALEX STEWART,M122358,,0.379539604,0,ARD 09
Arizaro,MEN11000956,518972,CHECK ASSAY,518972,0.098425197,0.097,M122358,Au,ppm,ppm,0.01,ACME,0,0,ALEX STEWART,M122358,,0.097712598,0,ARD 09
Arizaro,MEN11000956,518982,CHECK ASSAY,518982,0.112224449,0.114,M122358,Au,ppm,ppm,0.01,ACME,0,0,ALEX STEWART,M122358,,0.113112224,0,ARD 09
Arizaro,MEN11000956,518992,CHECK ASSAY,518992,0.116633267,0.121,M122358,Au,ppm,ppm,0.01,ACME,0,0,ALEX STEWART,M122358,,0.118816633,0,ARD 09
Arizaro,MEN11000956,519002,CHECK ASSAY,519002,0.0951417,0.105,M122358,Au,ppm,ppm,0.01,ACME,0,0,ALEX STEWART,M122358,,0.10007085,0,ARD 09
Arizaro,MEN11000956,519012,CHECK ASSAY,519012,0.058283433,0.071,M122358,Au,ppm,ppm,0.01,ACME,0,0,ALEX STEWART,M122358,,0.064641717,0,ARD 09
Arizaro,MEN11000956,519022,CHECK ASSAY,519022,0.132926829,0.145,M122358,Au,ppm,ppm,0.01,ACME,0,0,ALEX STEWART,M122358,,0.138963415,0,ARD 09
Arizaro,MEN11000956,519032,CHECK ASSAY,519032,0.122828283,0.122,M122358,Au,ppm,ppm,0.01,ACME,0,0,ALEX STEWART,M122358,,0.122414141,0,ARD 09
Arizaro,MEN11000956,519042,CHECK ASSAY,519042,0.155734406,0.123,M122358,Au,ppm,ppm,0.01,ACME,0,0,ALEX STEWART,M122358,,0.139367203,0,ARD 09
Arizaro,MEN11001020,519052,CHECK ASSAY,519052,0.129124236,0.176,M122358,Au,ppm,ppm,0.01,ACME,0,0,ALEX STEWART,M122358,,0.152562118,0,ARD 09
Arizaro,MEN11001020,519062,CHECK ASSAY,519062,0.076422764,0.094,M122358,Au,ppm,ppm,0.01,ACME,0,0,ALEX STEWART,M122358,,0.085211382,0,ARD 09
Arizaro,MEN11001020,519072,CHECK ASSAY,519072,0.075806452,0.218,M122358,Au,ppm,ppm,0.01,ACME,0,0,ALEX STEWART,M122358,,0.146903226,0,ARD 09
Arizaro,MEN11001020,519082,CHECK ASSAY,519082,0.0104,0.017,M122358,Au,ppm,ppm,0.01,ACME,0,0,ALEX STEWART,M122358,,0.0137,,ARD 09
Arizaro,MEN11001020,519092,CHECK ASSAY,519092,0.377154309,0.359,M122358,Au,ppm,ppm,0.01,ACME,0,0,ALEX STEWART,M122358,,0.368077154,,ARD 10
Arizaro,MEN11001020,519102,CHECK ASSAY,519102,0.284356436,0.147,M122358,Au,ppm,ppm,0.01,ACME,0,0,ALEX STEWART,M122358,,0.215678218,,ARD 10
Arizaro,MEN11001020,519112,CHECK ASSAY,519112,0.08040404,0.088,M122358,Au,ppm,ppm,0.01,ACME,0,0,ALEX STEWART,M122358,,0.08420202,,ARD 10
Arizaro,MEN11001020,519122,CHECK ASSAY,519122,0.23805668,0.258,M122358,Au,ppm,ppm,0.01,ACME,0,0,ALEX STEWART,M122358,,0.24802834,,ARD 10
Arizaro,MEN11001020,519132,CHECK ASSAY,519132,0.186345382,0.225,M122358,Au,ppm,ppm,0.01,ACME,0,0,ALEX STEWART,M122358,,0.205672691,,ARD 10
Arizaro,MEN11001020,519142,CHECK ASSAY,519142,0.153131313,0.327,M122358,Au,ppm,ppm,0.01,ACME,0,0,ALEX STEWART,M122358,,0.240065657,,ARD 10
Arizaro,MEN11001020,519152,CHECK ASSAY,519152,0.088709677,0.101,M122358,Au,ppm,ppm,0.01,ACME,0,0,ALEX STEWART,M122358,,0.094854839,,ARD 10
Arizaro,MEN11001020,519162,CHECK ASSAY,519162,0.104536489,0.118,M122358,Au,ppm,ppm,0.01,ACME,0,0,ALEX STEWART,M122358,,0.111268245,,ARD 10
Arizaro,MEN11001020,519172,CHECK ASSAY,519172,0.091783567,0.063,M122358,Au,ppm,ppm,0.01,ACME,0,0,ALEX STEWART,M122358,,0.077391784,,ARD 10
Arizaro,MEN11001020,519182,CHECK ASSAY,519182,0.055353535,0.115,M122358,Au,ppm,ppm,0.01,ACME,0,0,ALEX STEWART,M122358,,0.085176768,,ARD 10
Arizaro,MEN11001020,519192,CHECK ASSAY,519192,0.196774194,0.251,M122358,Au,ppm,ppm,0.01,ACME,0,0,ALEX STEWART,M122358,,0.223887097,,ARD 10
Arizaro,MEN11001140,519202,CHECK ASSAY,519202,0.190532544,0.207,M122358,Au,ppm,ppm,0.01,ACME,0,0,ALEX STEWART,M122358,,0.198766272,,ARD 10
Arizaro,MEN11001140,519212,CHECK ASSAY,519212,0.205940594,0.215,M122358,Au,ppm,ppm,0.01,ACME,0,0,ALEX STEWART,M122358,,0.210470297,,ARD 10
Arizaro,MEN11001140,519222,CHECK ASSAY,519222,0.252191235,0.261,M122358,Au,ppm,ppm,0.01,ACME,0,0,ALEX STEWART,M122358,,0.256595618,,ARD 10
Arizaro,MEN11001140,519232,CHECK ASSAY,519232,0.243145161,0.265,M122358,Au,ppm,ppm,0.01,ACME,0,0,ALEX STEWART,M122358,,0.254072581,,ARD 10
Arizaro,MEN11001140,519242,CHECK ASSAY,519242,0.137875752,0.142,M122358,Au,ppm,ppm,0.01,ACME,0,0,ALEX STEWART,M122358,,0.139937876,,ARD 10
Arizaro,MEN11001140,519252,CHECK ASSAY,519252,0.143373494,0.158,M122358,Au,ppm,ppm,0.01,ACME,0,0,ALEX STEWART,M122358,,0.150686747,,ARD 10
Arizaro,MEN11001140,519262,CHECK ASSAY,519262,0.066666667,0.076,M122358,Au,ppm,ppm,0.01,ACME,0,0,ALEX STEWART,M122358,,0.071333333,,ARD 10
Arizaro,MEN11001137,519272,CHECK ASSAY,519272,0.402777778,0.411,M122358,Au,ppm,ppm,0.01,ACME,0,0,ALEX STEWART,M122358,,0.406888889,,ARD 10
Arizaro,MEN11001137,519282,CHECK ASSAY,519282,0.078486056,0.1,M122358,Au,ppm,ppm,0.01,ACME,0,0,ALEX STEWART,M122358,,0.089243028,,ARD 10
Arizaro,MEN11001137,519292,CHECK ASSAY,519292,0.053571429,0.06,M122358,Au,ppm,ppm,0.01,ACME,0,0,ALEX STEWART,M122358,,0.056785714,,ARD 11
Arizaro,MEN11001137,519302,CHECK ASSAY,519302,0.104950495,0.133,M122358,Au,ppm,ppm,0.01,ACME,0,0,ALEX STEWART,M122358,,0.118975248,,ARD 11
Arizaro,MEN11001137,519312,CHECK ASSAY,519312,0.143887776,0.147,M122358,Au,ppm,ppm,0.01,ACME,0,0,ALEX STEWART,M122358,,0.145443888,,ARD 10
Arizaro,MEN11001137,519322,CHECK ASSAY,519322,0.05559322,0.074,M122358,Au,ppm,ppm,0.01,ACME,0,0,ALEX STEWART,M122358,,0.06479661,,ARD 11
Arizaro,MEN11001137,519332,CHECK ASSAY,519332,0.34334471,0.335,M122358,Au,ppm,ppm,0.01,ACME,0,0,ALEX STEWART,M122358,,0.339172355,,ARD 11
Arizaro,MEN11001155,519342,CHECK ASSAY,519342,1.441176471,1.477,M122358,Au,ppm,ppm,0.01,ACME,0,0,ALEX STEWART,M122358,,1.459088235,,ARD 11
Arizaro,MEN11001155,519352,CHECK ASSAY,519352,0.088,0.087,M122358,Au,ppm,ppm,0.01,ACME,0,0,ALEX STEWART,M122358,,0.0875,,ARD 11
Arizaro,MEN11001155,519362,CHECK ASSAY,519362,0.036726547,0.046,M122358,Au,ppm,ppm,0.01,ACME,0,0,ALEX STEWART,M122358,,0.041363273,,ARD 11
Arizaro,MEN11001155,519372,CHECK ASSAY,519372,0.180952381,0.662,M122358,Au,ppm,ppm,0.01,ACME,0,0,ALEX STEWART,M122358,,0.42147619,,ARD 11
Arizaro,MEN11001155,519382,CHECK ASSAY,519382,0.125252525,0.118,M122358,Au,ppm,ppm,0.01,ACME,0,0,ALEX STEWART,M122358,,0.121626263,,ARD 11
Arizaro,MEN11001155,519392,CHECK ASSAY,519392,0.201333333,0.265,M122358,Au,ppm,ppm,0.01,ACME,0,0,ALEX STEWART,M122358,,0.233166667,,ARD 11
Arizaro,MEN11001155,519402,CHECK ASSAY,519402,0.151724138,0.222,M122358,Au,ppm,ppm,0.01,ACME,0,0,ALEX STEWART,M122358,,0.186862069,,ARD 11
Arizaro,MEN11001155,519412,CHECK ASSAY,519412,0.113804714,0.07,M122358,Au,ppm,ppm,0.01,ACME,0,0,ALEX STEWART,M122358,,0.091902357,,ARD 11
Arizaro,MEN11001155,519422,CHECK ASSAY,519422,0.089795918,0.14,M122358,Au,ppm,ppm,0.01,ACME,0,0,ALEX STEWART,M122358,,0.114897959,,ARD 11
Arizaro,MEN11001156,519432,CHECK ASSAY,519432,0.11752988,0.124,M122358,Au,ppm,ppm,0.01,ACME,0,0,ALEX STEWART,M122358,,0.12076494,,ARD 11
Arizaro,MEN11001156,519442,CHECK ASSAY,519442,0.052491694,0.058,M122358,Au,ppm,ppm,0.01,ACME,0,0,ALEX STEWART,M122358,,0.055245847,,ARD 11
Arizaro,MEN11001156,519452,CHECK ASSAY,519452,0.396341463,0.324,M122358,Au,ppm,ppm,0.01,ACME,0,0,ALEX STEWART,M122358,,0.360170732,,ARD 11
Arizaro,MEN11001156,519462,CHECK ASSAY,519462,0.059229209,0.066,M122358,Au,ppm,ppm,0.01,ACME,0,0,ALEX STEWART,M122358,,0.062614604,,ARD 11
Arizaro,MEN11001156,519472,CHECK ASSAY,519472,0.116167665,0.143,M122358,Au,ppm,ppm,0.01,ACME,0,0,ALEX STEWART,M122358,,0.129583832,,ARD 11
Arizaro,MEN11001156,519482,CHECK ASSAY,519482,0.046052632,0.059,M122358,Au,ppm,ppm,0.01,ACME,0,0,ALEX STEWART,M122358,,0.052526316,,ARD 11
Arizaro,MEN11001156,519492,CHECK ASSAY,519492,0.040650407,0.056,M122358,Au,ppm,ppm,0.01,ACME,0,0,ALEX STEWART,M122358,,0.048325203,,ARD 11
Arizaro,MEN11001156,519502,CHECK ASSAY,519502,0.195564516,0.262,M122358,Au,ppm,ppm,0.01,ACME,0,0,ALEX STEWART,M122358,,0.228782258,,ARD 11
Arizaro,MEN11001156,519512,CHECK ASSAY,519512,0.065469062,0.076,M122358,Au,ppm,ppm,0.01,ACME,0,0,ALEX STEWART,M122358,,0.070734531,,ARD 11
Arizaro,MEN11001156,519522,CHECK ASSAY,519522,1.366442953,1.437,M122358,Au,ppm,ppm,0.01,ACME,0,0,ALEX STEWART,M122358,,1.401721477,,ARD 11
Arizaro,MEN11001226,520402,CHECK ASSAY,520402,0.022003929,0.029,M122358,Au,ppm,ppm,0.01,ACME,0,0,ALEX STEWART,M122358,,0.025501965,,ARD 12
Arizaro,MEN11001226,520412,CHECK ASSAY,520412,0.318712274,0.328,M122358,Au,ppm,ppm,0.01,ACME,0,0,ALEX STEWART,M122358,,0.323356137,,ARD 12
Arizaro,MEN11001318,520422,CHECK ASSAY,520422,0.056161616,0.054,M122358,Au,ppm,ppm,0.01,ACME,0,0,ALEX STEWART,M122358,,0.055080808,,ARD 12
Arizaro,MEN11001318,520432,CHECK ASSAY,520432,0.302946955,0.295,M122358,Au,ppm,ppm,0.01,ACME,0,0,ALEX STEWART,M122358,,0.298973477,,ARD 12
Arizaro,MEN11001318,520442,CHECK ASSAY,520442,0.150712831,0.171,M122358,Au,ppm,ppm,0.01,ACME,0,0,ALEX STEWART,M122358,,0.160856415,,ARD 12
Arizaro,MEN11001318,520452,CHECK ASSAY,520452,0.100203666,0.099,M122358,Au,ppm,ppm,0.01,ACME,0,0,ALEX STEWART,M122358,,0.099601833,,ARD 12
Arizaro,MEN11001318,520462,CHECK ASSAY,520462,0.121126761,0.142,M122358,Au,ppm,ppm,0.01,ACME,0,0,ALEX STEWART,M122358,,0.13156338,,ARD 12
Arizaro,MEN11001323,520472,CHECK ASSAY,520472,0.094234592,0.105,M122358,Au,ppm,ppm,0.01,ACME,0,0,ALEX STEWART,M122358,,0.099617296,,ARD 12
Arizaro,MEN11001323,520482,CHECK ASSAY,520482,0.152653061,0.183,M122358,Au,ppm,ppm,0.01,ACME,0,0,ALEX STEWART,M122358,,0.167826531,,ARD 12
Arizaro,MEN11001323,520492,CHECK ASSAY,520492,0.176633663,0.205,M122358,Au,ppm,ppm,0.01,ACME,0,0,ALEX STEWART,M122358,,0.190816832,,ARD 12
Arizaro,MEN11001323,520502,CHECK ASSAY,520502,0.172635815,0.173,M122358,Au,ppm,ppm,0.01,ACME,0,0,ALEX STEWART,M122358,,0.172817907,,ARD 12
Arizaro,MEN11001323,520512,CHECK ASSAY,520512,0.516500994,0.784,M122358,Au,ppm,ppm,0.01,ACME,0,0,ALEX STEWART,M122358,,0.650250497,,ARD 12
Arizaro,MEN11001323,520522,CHECK ASSAY,520522,0.60438247,0.513,M122358,Au,ppm,ppm,0.01,ACME,0,0,ALEX STEWART,M122358,,0.558691235,,ARD 12
Arizaro,MEN11001323,520532,CHECK ASSAY,520532,0.118737673,0.113,M122358,Au,ppm,ppm,0.01,ACME,0,0,ALEX STEWART,M122358,,0.115868836,,ARD 12
Arizaro,MEN11001323,520542,CHECK ASSAY,520542,0.131854839,0.14,M122358,Au,ppm,ppm,0.01,ACME,0,0,ALEX STEWART,M122358,,0.135927419,,ARD 12
Arizaro,MEN11001323,520552,CHECK ASSAY,520552,1.242315369,0.713,M122358,Au,ppm,ppm,0.01,ACME,0,0,ALEX STEWART,M122358,,0.977657685,,ARD 12
Arizaro,MEN11001323,520562,CHECK ASSAY,520562,0.26639839,0.357,M122358,Au,ppm,ppm,0.01,ACME,0,0,ALEX STEWART,M122358,,0.311699195,,ARD 12
Arizaro,MEN11001323,520572,CHECK ASSAY,520572,0.105490196,0.128,M122358,Au,ppm,ppm,0.01,ACME,0,0,ALEX STEWART,M122358,,0.116745098,,ARD 12
Arizaro,MEN11001323,520582,CHECK ASSAY,520582,0.211904762,0.251,M122358,Au,ppm,ppm,0.01,ACME,0,0,ALEX STEWART,M122358,,0.231452381,,ARD 12
Arizaro,MEN11001324,520592,CHECK ASSAY,520592,0.495934959,0.408,M122358,Au,ppm,ppm,0.01,ACME,0,0,ALEX STEWART,M122358,,0.45196748,,ARD 12
Arizaro,MEN11001324,520602,CHECK ASSAY,520602,0.118811881,0.126,M122358,Au,ppm,ppm,0.01,ACME,0,0,ALEX STEWART,M122358,,0.122405941,,ARD 12
Arizaro,MEN11001324,520612,CHECK ASSAY,520612,0.107815631,0.316,M122358,Au,ppm,ppm,0.01,ACME,0,0,ALEX STEWART,M122358,,0.211907816,,ARD 12
Arizaro,MEN11001324,520622,CHECK ASSAY,520622,0.138955823,0.192,M122358,Au,ppm,ppm,0.01,ACME,0,0,ALEX STEWART,M122358,,0.165477912,,ARD 12
Arizaro,MEN11001324,520632,CHECK ASSAY,520632,0.190818363,0.17,M122358,Au,ppm,ppm,0.01,ACME,0,0,ALEX STEWART,M122358,,0.180409182,,ARD 12
Arizaro,MEN11001324,520642,CHECK ASSAY,520642,0.151093439,0.139,M122358,Au,ppm,ppm,0.01,ACME,0,0,ALEX STEWART,M122358,,0.14504672,,ARD 12
Arizaro,MEN11001324,520652,CHECK ASSAY,520652,0.071372549,0.08,M122358,Au,ppm,ppm,0.01,ACME,0,0,ALEX STEWART,M122358,,0.075686275,,ARD 12
Arizaro,MEN11001324,520662,CHECK ASSAY,520662,0.054473161,2.304,M122358,Au,ppm,ppm,0.01,ACME,0,0,ALEX STEWART,M122358,,1.179236581,,ARD 12
Arizaro,MEN11001324,520672,CHECK ASSAY,520672,0.07,0.089,M122358,Au,ppm,ppm,0.01,ACME,0,0,ALEX STEWART,M122358,,0.0795,,ARD 12
Arizaro,MEN11001324,520682,CHECK ASSAY,520682,0.087649402,0.111,M122358,Au,ppm,ppm,0.01,ACME,0,0,ALEX STEWART,M122358,,0.099324701,,ARD 12
Arizaro,MEN11001432,520692,CHECK ASSAY,520692,0.154545455,0.237,M122358,Au,ppm,ppm,0.01,ACME,0,0,ALEX STEWART,M122358,,0.195772727,,ARD 13
Arizaro,MEN11001432,520702,CHECK ASSAY,520702,0.290373281,0.377,M122358,Au,ppm,ppm,0.01,ACME,0,0,ALEX STEWART,M122358,,0.33368664,,ARD 13
Arizaro,MEN11001432,520712,CHECK ASSAY,520712,0.101976285,0.143,M122358,Au,ppm,ppm,0.01,ACME,0,0,ALEX STEWART,M122358,,0.122488142,,ARD 13
Arizaro,MEN11001432,520722,CHECK ASSAY,520722,1.597211155,1.468,M122358,Au,ppm,ppm,0.01,ACME,0,0,ALEX STEWART,M122358,,1.532605578,,ARD 13
Arizaro,MEN11001432,520732,CHECK ASSAY,520732,0.208284024,0.282,M122358,Au,ppm,ppm,0.01,ACME,0,0,ALEX STEWART,M122358,,0.245142012,,ARD 13
Arizaro,MEN11001432,520742,CHECK ASSAY,520742,0.303732809,0.342,M122358,Au,ppm,ppm,0.01,ACME,0,0,ALEX STEWART,M122358,,0.322866405,,ARD 13
Arizaro,MEN11001432,520752,CHECK ASSAY,520752,1.116700201,0.59,M122358,Au,ppm,ppm,0.01,ACME,0,0,ALEX STEWART,M122358,,0.853350101,,ARD 13
Arizaro,MEN11001432,520762,CHECK ASSAY,520762,0.215322581,0.262,M122358,Au,ppm,ppm,0.01,ACME,0,0,ALEX STEWART,M122358,,0.23866129,,ARD 13
Arizaro,MEN11001433,520772,CHECK ASSAY,520772,0.251911469,0.309,M122358,Au,ppm,ppm,0.01,ACME,0,0,ALEX STEWART,M122358,,0.280455734,,ARD 13
Arizaro,MEN11001433,520782,CHECK ASSAY,520782,0.194,0.248,M122358,Au,ppm,ppm,0.01,ACME,0,0,ALEX STEWART,M122358,,0.221,,ARD 13
Arizaro,MEN11001433,520792,CHECK ASSAY,520792,0.072583826,0.088,M122358,Au,ppm,ppm,0.01,ACME,0,0,ALEX STEWART,M122358,,0.080291913,,ARD 13
Arizaro,MEN11001433,520802,CHECK ASSAY,520802,0.138430584,0.147,M122358,Au,ppm,ppm,0.01,ACME,0,0,ALEX STEWART,M122358,,0.142715292,,ARD 14
Arizaro,MEN11001368,520812,CHECK ASSAY,520812,0.065050505,0.093,M122358,Au,ppm,ppm,0.01,ACME,0,0,ALEX STEWART,M122358,,0.079025253,,ARD 14
Arizaro,MEN11001368,520822,CHECK ASSAY,520822,0.065737052,0.08,M122358,Au,ppm,ppm,0.01,ACME,0,0,ALEX STEWART,M122358,,0.072868526,,ARD 14
Arizaro,MEN11001368,520832,CHECK ASSAY,520832,0.078957916,0.07,M122358,Au,ppm,ppm,0.01,ACME,0,0,ALEX STEWART,M122358,,0.074478958,,ARD 14
Arizaro,MEN11001368,520842,CHECK ASSAY,520842,0.03499006,0.054,M122358,Au,ppm,ppm,0.01,ACME,0,0,ALEX STEWART,M122358,,0.04449503,,ARD 14
Arizaro,MEN11001368,520852,CHECK ASSAY,520852,0.053093812,0.07,M122358,Au,ppm,ppm,0.01,ACME,0,0,ALEX STEWART,M122358,,0.061546906,,ARD 14
Arizaro,MEN11001435,520862,CHECK ASSAY,520862,0.062096774,0.084,M122358,Au,ppm,ppm,0.01,ACME,0,0,ALEX STEWART,M122358,,0.073048387,,ARD 14
Arizaro,MEN11001435,520872,CHECK ASSAY,520872,0.083003953,0.108,M122358,Au,ppm,ppm,0.01,ACME,0,0,ALEX STEWART,M122358,,0.095501976,,ARD 14
Arizaro,MEN11001435,520882,CHECK ASSAY,520882,0.420472441,0.441,M122358,Au,ppm,ppm,0.01,ACME,0,0,ALEX STEWART,M122358,,0.43073622,,ARD 14
Arizaro,MEN11001435,520892,CHECK ASSAY,520892,0.243265306,0.28,M122358,Au,ppm,ppm,0.01,ACME,0,0,ALEX STEWART,M122358,,0.261632653,,ARD 14
Arizaro,MEN11001435,520902,CHECK ASSAY,520902,0.106299213,0.175,M122358,Au,ppm,ppm,0.01,ACME,0,0,ALEX STEWART,M122358,,0.140649606,,ARD 14
Arizaro,MEN11001435,520912,CHECK ASSAY,520912,0.222267206,0.97,M122358,Au,ppm,ppm,0.01,ACME,0,0,ALEX STEWART,M122358,,0.596133603,,ARD 14
Arizaro,MEN11001441,520922,CHECK ASSAY,520922,0.033532934,0.127,M122358,Au,ppm,ppm,0.01,ACME,,,,M122358,,,,ARD 14
Arizaro,MEN11001441,520932,CHECK ASSAY,520932,0.126358149,0.12,M122358,Au,ppm,ppm,0.01,ACME,,,,M122358,,,,ARD 14
Arizaro,MEN11001441,520942,CHECK ASSAY,520942,0.323046092,0.964,M122358,Au,ppm,ppm,0.01,ACME,,,,M122358,,,,ARD 14
Arizaro,MEN11001441,520952,CHECK ASSAY,520952,0.075653924,0.158,M122358,Au,ppm,ppm,0.01,ACME,,,,M122358,,,,ARD 14
Arizaro,MEN11001441,520962,CHECK ASSAY,520962,0.091666667,0.215,M122358,Au,ppm,ppm,0.01,ACME,,,,M122358,,,,ARD 14
Arizaro,MEN11001441,520972,CHECK ASSAY,520972,0.170791075,0.235,M122358,Au,ppm,ppm,0.01,ACME,,,,M122358,,,,ARD 14
Arizaro,MEN11001441,520982,CHECK ASSAY,520982,0.069477912,0.107,M122358,Au,ppm,ppm,0.01,ACME,,,,M122358,,,,ARD 14
Arizaro,MEN11001441,520992,CHECK ASSAY,520992,0.086166008,0.09,M122358,Au,ppm,ppm,0.01,ACME,,,,M122358,,,,ARD 14
Arizaro,MEN11001441,521002,CHECK ASSAY,521002,0.056063618,0.096,M122358,Au,ppm,ppm,0.01,ACME,,,,M122358,,,,ARD 14
Arizaro,MEN11001442,521012,CHECK ASSAY,521012,0.126530612,0.165,M122358,Au,ppm,ppm,0.01,ACME,,,,M122358,,,,ARD 14
Arizaro,MEN11001442,521022,CHECK ASSAY,521022,0.048582996,0.14,M122358,Au,ppm,ppm,0.01,ACME,,,,M122358,,,,ARD 14
Arizaro,MEN11001442,521032,CHECK ASSAY,521032,0.01996008,0.131,M122358,Au,ppm,ppm,0.01,ACME,,,,M122358,,,,ARD 14
Arizaro,MEN11001442,521042,CHECK ASSAY,521042,0.13987976,0.193,M122358,Au,ppm,ppm,0.01,ACME,,,,M122358,,,,ARD 14
Arizaro,MEN11001442,521052,CHECK ASSAY,521052,0.07372549,0.083,M122358,Au,ppm,ppm,0.01,ACME,,,,M122358,,,,ARD 14
Arizaro,MEN11001442,521062,CHECK ASSAY,521062,0.054365079,0.074,M122358,Au,ppm,ppm,0.01,ACME,,,,M122358,,,,ARD 14
Arizaro,MEN11001442,521072,CHECK ASSAY,521072,-0.01,0.084,M122358,Au,ppm,ppm,0.01,ACME,,,,M122358,,,,ARD 14
Arizaro,MEN11001442,521082,CHECK ASSAY,521082,0.0684,0.09,M122358,Au,ppm,ppm,0.01,ACME,,,,M122358,,,,ARD 14
Arizaro,MEN11001443,521092,CHECK ASSAY,521092,0.27854251,0.284,M122358,Au,ppm,ppm,0.01,ACME,,,,M122358,,,,ARD 15
Arizaro,MEN11001443,521102,CHECK ASSAY,521102,0.068514851,0.106,M122358,Au,ppm,ppm,0.01,ACME,,,,M122358,,,,ARD 15
Arizaro,MEN11001443,521112,CHECK ASSAY,521112,0.17188755,0.201,M122358,Au,ppm,ppm,0.01,ACME,,,,M122358,,,,ARD 15
Arizaro,MEN11001443,521122,CHECK ASSAY,521122,0.133864542,0.146,M122358,Au,ppm,ppm,0.01,ACME,,,,M122358,,,,ARD 15
Arizaro,MEN11001525,521132,CHECK ASSAY,521132,0.12917505,0.27,M122358,Au,ppm,ppm,0.01,ACME,,,,M122358,,,,ARD 15
Arizaro,MEN11001525,521142,CHECK ASSAY,521142,0.119517103,0.179,M122358,Au,ppm,ppm,0.01,ACME,,,,M122358,,,,ARD 15
Arizaro,MEN11001525,521152,CHECK ASSAY,521152,0.082703777,0.102,M122358,Au,ppm,ppm,0.01,ACME,,,,M122358,,,,ARD 15
Arizaro,MEN11001525,521162,CHECK ASSAY,521162,0.085375494,0.08,M122358,Au,ppm,ppm,0.01,ACME,,,,M122358,,,,ARD 15
Arizaro,MEN11001525,521172,CHECK ASSAY,521172,0.233061224,0.26,M122358,Au,ppm,ppm,0.01,ACME,,,,M122358,,,,ARD 15
Arizaro,MEN11001526,521182,CHECK ASSAY,521182,0.156592292,0.147,M122358,Au,ppm,ppm,0.01,ACME,,,,M122358,,,,ARD 15
Arizaro,MEN11001526,521192,CHECK ASSAY,521192,0.105050505,0.119,M122358,Au,ppm,ppm,0.01,ACME,,,,M122358,,,,ARD 15
Arizaro,MEN11001526,521202,CHECK ASSAY,521202,0.151372549,0.204,M122358,Au,ppm,ppm,0.01,ACME,,,,M122358,,,,ARD 15
Arizaro,MEN11001526,521212,CHECK ASSAY,521212,0.180855397,0.251,M122358,Au,ppm,ppm,0.01,ACME,,,,M122358,,,,ARD 15
Arizaro,MEN11001526,521222,CHECK ASSAY,521222,0.129019608,0.139,M122358,Au,ppm,ppm,0.01,ACME,,,,M122358,,,,ARD 15
Arizaro,MEN11001535,521232,CHECK ASSAY,521232,0.206336634,0.221,M122358,Au,ppm,ppm,0.01,ACME,,,,M122358,,,,ARD 15
Arizaro,MEN11001535,521242,CHECK ASSAY,521242,0.224596774,0.226,M122358,Au,ppm,ppm,0.01,ACME,,,,M122358,,,,ARD 15
Arizaro,MEN11001535,521252,CHECK ASSAY,521252,0.2392,0.234,M122358,Au,ppm,ppm,0.01,ACME,,,,M122358,,,,ARD 15
Arizaro,MEN11001535,521262,CHECK ASSAY,521262,0.247544204,0.287,M122358,Au,ppm,ppm,0.01,ACME,,,,M122358,,,,ARD 15
Arizaro,MEN11001535,521272,CHECK ASSAY,521272,0.150197628,0.177,M122358,Au,ppm,ppm,0.01,ACME,,,,M122358,,,,ARD 15
Arizaro,MEN11001535,521282,CHECK ASSAY,521282,0.186530612,0.206,M122358,Au,ppm,ppm,0.01,ACME,,,,M122358,,,,ARD 15
Arizaro,MEN11001535,521292,CHECK ASSAY,521292,0.17199211,0.225,M122358,Au,ppm,ppm,0.01,ACME,,,,M122358,,,,ARD 15
Arizaro,MEN11001535,521302,CHECK ASSAY,521302,0.228968254,1.005,M122358,Au,ppm,ppm,0.01,ACME,,,,M122358,,,,ARD 15
Arizaro,MEN11001516,521312,CHECK ASSAY,521312,0.06,0.046,M122358,Au,ppm,ppm,0.01,ACME,,,,M122358,,,,ARD 16
Arizaro,MEN11001516,521322,CHECK ASSAY,521322,0.106324111,0.109,M122358,Au,ppm,ppm,0.01,ACME,,,,M122358,,,,ARD 16
Arizaro,MEN11001516,521332,CHECK ASSAY,521332,0.051405622,0.12,M122358,Au,ppm,ppm,0.01,ACME,,,,M122358,,,,ARD 16
Arizaro,MEN11001516,521342,CHECK ASSAY,521342,0.150793651,0.158,M122358,Au,ppm,ppm,0.01,ACME,,,,M122358,,,,ARD 16
Arizaro,MEN11001516,521352,CHECK ASSAY,521352,0.072255489,0.09,M122358,Au,ppm,ppm,0.01,ACME,,,,M122358,,,,ARD 16
Arizaro,MEN11001544,521362,CHECK ASSAY,521362,0.072837022,0.101,M122358,Au,ppm,ppm,0.01,ACME,,,,M122358,,,,ARD 16
Arizaro,MEN11001544,521372,CHECK ASSAY,521372,0.087449393,0.098,M122358,Au,ppm,ppm,0.01,ACME,,,,M122358,,,,ARD 16
Arizaro,MEN11001544,521382,CHECK ASSAY,521382,0.12193159,0.125,M122358,Au,ppm,ppm,0.01,ACME,,,,M122358,,,,ARD 16
Arizaro,MEN11001609,521392,CHECK ASSAY,521392,0.058585859,0.06,M122358,Au,ppm,ppm,0.01,ACME,,,,M122358,,,,ARD 16
Arizaro,MEN11001609,521402,CHECK ASSAY,521402,0.101587302,0.111,M122358,Au,ppm,ppm,0.01,ACME,,,,M122358,,,,ARD 16
Arizaro,MEN11001609,521412,CHECK ASSAY,521412,0.057199211,0.055,M122358,Au,ppm,ppm,0.01,ACME,,,,M122358,,,,ARD 16
Arizaro,MEN11001610,521422,CHECK ASSAY,521422,0.131881188,0.113,M122358,Au,ppm,ppm,0.01,ACME,,,,M122358,,,,ARD 16
Arizaro,MEN11001610,521432,CHECK ASSAY,521432,0.149803922,0.377,M122358,Au,ppm,ppm,0.01,ACME,,,,M122358,,,,ARD 16
Arizaro,MEN11001610,521442,CHECK ASSAY,521442,0.16437247,0.166,M122358,Au,ppm,ppm,0.01,ACME,,,,M122358,,,,ARD 16
Arizaro,MEN11001610,521452,CHECK ASSAY,521452,0.179133858,0.182,M122358,Au,ppm,ppm,0.01,ACME,,,,M122358,,,,ARD 16
Arizaro,MEN11001610,521462,CHECK ASSAY,521462,0.138856016,0.259,M122358,Au,ppm,ppm,0.01,ACME,,,,M122358,,,,ARD 16
Arizaro,MEN11001610,521472,CHECK ASSAY,521472,0.143887776,0.308,M122358,Au,ppm,ppm,0.01,ACME,,,,M122358,,,,ARD 16
Arizaro,MEN11001610,521482,CHECK ASSAY,521482,0.105325444,0.115,M122358,Au,ppm,ppm,0.01,ACME,,,,M122358,,,,ARD 16
Arizaro,MEN12002930,521492,CHECK ASSAY,521492,0.069127517,0.094,M13587,Au,ppm,ppm,0.01,ACME,,,,M13587,,,,ARD 17
Arizaro,MEN12002930,521502,CHECK ASSAY,521502,0.167785235,0.223,M13587,Au,ppm,ppm,0.01,ACME,,,,M13587,,,,ARD 17
Arizaro,MEN12002930,521512,CHECK ASSAY,521512,0.071009772,0.108,M13587,Au,ppm,ppm,0.01,ACME,,,,M13587,,,,ARD 17
Arizaro,MEN12002930,521522,CHECK ASSAY,521522,0.216556291,0.461,M13587,Au,ppm,ppm,0.01,ACME,,,,M13587,,,,ARD 17
Arizaro,MEN12002930,521532,CHECK ASSAY,521532,0.471096346,0.514,M13587,Au,ppm,ppm,0.01,ACME,,,,M13587,,,,ARD 17
Arizaro,MEN12002930,521542,CHECK ASSAY,521542,0.091262136,0.1,M13587,Au,ppm,ppm,0.01,ACME,,,,M13587,,,,ARD 17
Arizaro,MEN12002930,521552,CHECK ASSAY,521552,0.197411003,0.2,M13587,Au,ppm,ppm,0.01,ACME,,,,M13587,,,,ARD 17
Arizaro,MEN12002930,521562,CHECK ASSAY,521562,0.125566343,0.137,M13587,Au,ppm,ppm,0.01,ACME,,,,M13587,,,,ARD 17
Arizaro,MEN12002930,521572,CHECK ASSAY,521572,0.380066445,0.366,M13587,Au,ppm,ppm,0.01,ACME,,,,M13587,,,,ARD 17
Arizaro,MEN12002930,521582,CHECK ASSAY,521582,0.125566343,0.098,M13587,Au,ppm,ppm,0.01,ACME,,,,M13587,,,,ARD 17
Arizaro,MEN12002953,521592,CHECK ASSAY,521592,0.286287625,0.292,M13587,Au,ppm,ppm,0.01,ACME,,,,M13587,,,,ARD 18
Arizaro,MEN12002953,521602,CHECK ASSAY,521602,0.1395189,0.211,M13587,Au,ppm,ppm,0.01,ACME,,,,M13587,,,,ARD 18
Arizaro,MEN12002953,521612,CHECK ASSAY,521612,0.140716612,0.166,M13587,Au,ppm,ppm,0.01,ACME,,,,M13587,,,,ARD 18
Arizaro,MEN12002953,521622,CHECK ASSAY,521622,1.188513514,2.384,M13587,Au,ppm,ppm,0.01,ACME,,,,M13587,,,,ARD 18
Arizaro,MEN12002953,521632,CHECK ASSAY,521632,0.120261438,0.196,M13587,Au,ppm,ppm,0.01,ACME,,,,M13587,,,,ARD 18
Arizaro,MEN12002963,521642,CHECK ASSAY,521642,0.313013699,0.412,M13587,Au,ppm,ppm,0.01,ACME,,,,M13587,,,,ARD 18
Arizaro,MEN12002963,521652,CHECK ASSAY,521652,0.139799331,0.141,M13587,Au,ppm,ppm,0.01,ACME,,,,M13587,,,,ARD 18
Arizaro,MEN12002963,521662,CHECK ASSAY,521662,0.350830565,0.388,M13587,Au,ppm,ppm,0.01,ACME,,,,M13587,,,,ARD 18
Arizaro,MEN12002963,521672,CHECK ASSAY,521672,0.520274914,0.596,M13587,Au,ppm,ppm,0.01,ACME,,,,M13587,,,,ARD 18
Arizaro,MEN12002988,521682,CHECK ASSAY,521682,0.200671141,0.253,M13587,Au,ppm,ppm,0.01,ACME,,,,M13587,,,,ARD 18
Arizaro,MEN12002988,521692,CHECK ASSAY,521692,0.228382838,0.242,M13587,Au,ppm,ppm,0.01,ACME,,,,M13587,,,,ARD 18
Arizaro,MEN12002988,521702,CHECK ASSAY,521702,0.835135135,1.177,M13587,Au,ppm,ppm,0.01,ACME,,,,M13587,,,,ARD 18
Arizaro,MEN12002988,521712,CHECK ASSAY,521712,0.505537459,0.407,M13587,Au,ppm,ppm,0.01,ACME,,,,M13587,,,,ARD 18
Arizaro,MEN12002988,521722,CHECK ASSAY,521722,0.21559322,0.243,M13587,Au,ppm,ppm,0.01,ACME,,,,M13587,,,,ARD 18
Arizaro,MEN12002988,521732,CHECK ASSAY,521732,0.222801303,0.238,M13587,Au,ppm,ppm,0.01,ACME,,,,M13587,,,,ARD 18
Arizaro,MEN12002988,521742,CHECK ASSAY,521742,0.09025974,0.09,M13587,Au,ppm,ppm,0.01,ACME,,,,M13587,,,,ARD 18
Arizaro,MEN12002988,521752,CHECK ASSAY,521752,0.318032787,0.314,M13587,Au,ppm,ppm,0.01,ACME,,,,M13587,,,,ARD 18
Arizaro,MEN12002988,521762,CHECK ASSAY,521762,0.202614379,0.194,M13587,Au,ppm,ppm,0.01,ACME,,,,M13587,,,,ARD 19
Arizaro,MEN12002988,521772,CHECK ASSAY,521772,0.140816327,0.126,M13587,Au,ppm,ppm,0.01,ACME,,,,M13587,,,,ARD 19
Arizaro,MEN12002989,521782,CHECK ASSAY,521782,0.07766323,0.125,M13587,Au,ppm,ppm,0.01,ACME,,,,M13587,,,,ARD 19
Arizaro,MEN12002989,521792,CHECK ASSAY,521792,0.089108911,0.097,M13587,Au,ppm,ppm,0.01,ACME,,,,M13587,,,,ARD 19
Arizaro,MEN12002989,521802,CHECK ASSAY,521802,0.224104235,0.593,M13587,Au,ppm,ppm,0.01,ACME,,,,M13587,,,,ARD 19
Arizaro,MEN12002989,521812,CHECK ASSAY,521812,0.057823129,0.076,M13587,Au,ppm,ppm,0.01,ACME,,,,M13587,,,,ARD 19
Arizaro,MEN12002989,521822,CHECK ASSAY,521822,0.42923588,0.447,M13587,Au,ppm,ppm,0.01,ACME,,,,M13587,,,,ARD 19
Arizaro,MEN12002989,521832,CHECK ASSAY,521832,0.204713805,0.213,M13587,Au,ppm,ppm,0.01,ACME,,,,M13587,,,,ARD 19
Arizaro,MEN12002989,521842,CHECK ASSAY,521842,0.4,0.391,M13587,Au,ppm,ppm,0.01,ACME,,,,M13587,,,,ARD 19
Arizaro,MEN12002989,521852,CHECK ASSAY,521852,0.751839465,0.404,M13587,Au,ppm,ppm,0.01,ACME,,,,M13587,,,,ARD 19
Arizaro,MEN12002989,521862,CHECK ASSAY,521862,0.171521036,0.171,M13587,Au,ppm,ppm,0.01,ACME,,,,M13587,,,,ARD 19
Arizaro,MEN12002989,521872,CHECK ASSAY,521872,0.114563107,0.209,M13587,Au,ppm,ppm,0.01,ACME,,,,M13587,,,,ARD 19
Arizaro,MEN12002989,521882,CHECK ASSAY,521882,0.148701299,0.131,M13587,Au,ppm,ppm,0.01,ACME,,,,M13587,,,,ARD 19
Arizaro,MEN12002989,521892,CHECK ASSAY,521892,0.320819113,0.391,M13587,Au,ppm,ppm,0.01,ACME,,,,M13587,,,,ARD 19
Arizaro,MEN12002990,521902,CHECK ASSAY,521902,0.632666667,0.299,M13587,Au,ppm,ppm,0.01,ACME,,,,M13587,,,,ARD 19
Arizaro,MEN12002990,521912,CHECK ASSAY,521912,0.055016181,0.07,M13587,Au,ppm,ppm,0.01,ACME,,,,M13587,,,,ARD 19
Arizaro,MEN12002990,521922,CHECK ASSAY,521922,0.22781457,0.2,M13587,Au,ppm,ppm,0.01,ACME,,,,M13587,,,,ARD 19
Arizaro,MEN12002990,521932,CHECK ASSAY,521932,0.279734219,0.387,M13587,Au,ppm,ppm,0.01,ACME,,,,M13587,,,,ARD 19
Arizaro,MEN12003015,521942,CHECK ASSAY,521942,0.14829932,0.151,M13587,Au,ppm,ppm,0.01,ACME,,,,M13587,,,,ARD 19
Arizaro,MEN12003015,521952,CHECK ASSAY,521952,0.267114094,0.301,M13587,Au,ppm,ppm,0.01,ACME,,,,M13587,,,,ARD 19
Arizaro,MEN12003015,521962,CHECK ASSAY,521962,0.109150327,0.116,M13587,Au,ppm,ppm,0.01,ACME,,,,M13587,,,,ARD 19
Arizaro,MEN12003015,521972,CHECK ASSAY,521972,0.398657718,0.396,M13587,Au,ppm,ppm,0.01,ACME,,,,M13587,,,,ARD 20
Arizaro,MEN12003015,521982,CHECK ASSAY,521982,0.174410774,0.166,M13587,Au,ppm,ppm,0.01,ACME,,,,M13587,,,,ARD 20
Arizaro,MEN12003022,521992,CHECK ASSAY,521992,0.107284768,0.127,M13587,Au,ppm,ppm,0.01,ACME,,,,M13587,,,,ARD 20
Arizaro,MEN12003022,522002,CHECK ASSAY,522002,0.042857143,0.061,M13587,Au,ppm,ppm,0.01,ACME,,,,M13587,,,,ARD 20
Arizaro,MEN12003022,522012,CHECK ASSAY,522012,0.152287582,0.154,M13587,Au,ppm,ppm,0.01,ACME,,,,M13587,,,,ARD 20
Arizaro,MEN12003022,522022,CHECK ASSAY,522022,0.184918033,0.173,M13587,Au,ppm,ppm,0.01,ACME,,,,M13587,,,,ARD 20
Arizaro,MEN12003044,522032,CHECK ASSAY,522032,0.164864865,0.177,M13587,Au,ppm,ppm,0.01,ACME,,,,M13587,,,,ARD 20
Arizaro,MEN12003044,522042,CHECK ASSAY,522042,0.298064516,0.209,M13587,Au,ppm,ppm,0.01,ACME,,,,M13587,,,,ARD 20
Arizaro,MEN12003044,522052,CHECK ASSAY,522052,0.110367893,0.148,M13587,Au,ppm,ppm,0.01,ACME,,,,M13587,,,,ARD 20
Arizaro,MEN12003044,522062,CHECK ASSAY,522062,0.392857143,0.419,M13587,Au,ppm,ppm,0.01,ACME,,,,M13587,,,,ARD 20
Arizaro,MEN12003045,522072,CHECK ASSAY,522072,0.135785953,0.117,M13587,Au,ppm,ppm,0.01,ACME,,,,M13587,,,,ARD 20
Arizaro,MEN12003045,522082,CHECK ASSAY,522082,0.39205298,0.301,M13587,Au,ppm,ppm,0.01,ACME,,,,M13587,,,,ARD 20
Arizaro,MEN12003045,522092,CHECK ASSAY,522092,0.297643098,0.308,M13587,Au,ppm,ppm,0.01,ACME,,,,M13587,,,,ARD 20
Arizaro,MEN12003045,522102,CHECK ASSAY,522102,0.233656958,0.256,M13587,Au,ppm,ppm,0.01,ACME,,,,M13587,,,,ARD 20
Arizaro,MEN12003039,522112,CHECK ASSAY,522112,0.703381643,0.459,M13587,Au,ppm,ppm,0.01,ACME,,,,M13587,,,,ARD 20
Arizaro,MEN12003039,522122,CHECK ASSAY,522122,0.25170068,0.326,M13587,Au,ppm,ppm,0.01,ACME,,,,M13587,,,,ARD 20
Arizaro,MEN12003039,522132,CHECK ASSAY,522132,0.120261438,0.143,M13587,Au,ppm,ppm,0.01,ACME,,,,M13587,,,,ARD 21
Arizaro,MEN12003039,522142,CHECK ASSAY,522142,0.285616438,0.293,M13587,Au,ppm,ppm,0.01,ACME,,,,M13587,,,,ARD 21
Arizaro,MEN12003039,522152,CHECK ASSAY,522152,0.181107492,0.184,M13587,Au,ppm,ppm,0.01,ACME,,,,M13587,,,,ARD 21
Arizaro,MEN12003039,522162,CHECK ASSAY,522162,1.181144781,0.885,M13587,Au,ppm,ppm,0.01,ACME,,,,M13587,,,,ARD 21
Arizaro,MEN12003039,522172,CHECK ASSAY,522172,0.178595318,0.224,M13587,Au,ppm,ppm,0.01,ACME,,,,M13587,,,,ARD 21
Arizaro,MEN12003039,522182,CHECK ASSAY,522182,0.453896104,0.312,M13587,Au,ppm,ppm,0.01,ACME,,,,M13587,,,,ARD 21
Arizaro,MEN12003039,522192,CHECK ASSAY,522192,1.03961039,0.89,M13587,Au,ppm,ppm,0.01,ACME,,,,M13587,,,,ARD 21
Arizaro,MEN12003039,522202,CHECK ASSAY,522202,0.322818792,0.294,M13587,Au,ppm,ppm,0.01,ACME,,,,M13587,,,,ARD 21
Arizaro,MEN12003040,522212,CHECK ASSAY,522212,0.152027027,0.186,M13587,Au,ppm,ppm,0.01,ACME,,,,M13587,,,,ARD 21
Arizaro,MEN12003040,522222,CHECK ASSAY,522222,0.190604027,0.198,M13587,Au,ppm,ppm,0.01,ACME,,,,M13587,,,,ARD 21
Arizaro,MEN12003040,522232,CHECK ASSAY,522232,0.444966443,0.459,M13587,Au,ppm,ppm,0.01,ACME,,,,M13587,,,,ARD 21
Arizaro,MEN12003040,522242,CHECK ASSAY,522242,0.568316832,0.326,M13587,Au,ppm,ppm,0.01,ACME,,,,M13587,,,,ARD 21
Arizaro,MEN12003040,522252,CHECK ASSAY,522252,0.134915254,0.244,M13587,Au,ppm,ppm,0.01,ACME,,,,M13587,,,,ARD 21
Arizaro,MEN12003040,522262,CHECK ASSAY,522262,0.268707483,0.379,M13587,Au,ppm,ppm,0.01,ACME,,,,M13587,,,,ARD 21
Arizaro,MEN12003040,522272,CHECK ASSAY,522272,0.699022801,0.835,M13587,Au,ppm,ppm,0.01,ACME,,,,M13587,,,,ARD 21
Arizaro,MEN12003040,522282,CHECK ASSAY,522282,0.362886598,0.332,M13587,Au,ppm,ppm,0.01,ACME,,,,M13587,,,,ARD 21
Arizaro,MEN12003040,522292,CHECK ASSAY,522292,0.132236842,0.142,M13587,Au,ppm,ppm,0.01,ACME,,,,M13587,,,,ARD 21
Arizaro,MEN12003040,522302,CHECK ASSAY,522302,0.188888889,0.191,M13587,Au,ppm,ppm,0.01,ACME,,,,M13587,,,,ARD 21
Arizaro,MEN12003041,522312,CHECK ASSAY,522312,0.242857143,0.206,M13587,Au,ppm,ppm,0.01,ACME,,,,M13587,,,,ARD 21
Arizaro,MEN12003041,522322,CHECK ASSAY,522322,0.316721311,0.244,M13587,Au,ppm,ppm,0.01,ACME,,,,M13587,,,,ARD 21
Arizaro,MEN12003041,522332,CHECK ASSAY,522332,0.290849673,0.235,M13587,Au,ppm,ppm,0.01,ACME,,,,M13587,,,,ARD 21
Arizaro,MEN12003041,522342,CHECK ASSAY,522342,0.486486486,0.538,M13587,Au,ppm,ppm,0.01,ACME,,,,M13587,,,,ARD 22
Arizaro,MEN12003041,522352,CHECK ASSAY,522352,0.108090615,0.107,M13587,Au,ppm,ppm,0.01,ACME,,,,M13587,,,,ARD 22
Arizaro,MEN12003041,522362,CHECK ASSAY,522362,0.070945946,0.079,M13587,Au,ppm,ppm,0.01,ACME,,,,M13587,,,,ARD 22
Arizaro,MEN12003041,522372,CHECK ASSAY,522372,0.144217687,0.161,M13587,Au,ppm,ppm,0.01,ACME,,,,M13587,,,,ARD 22
Arizaro,MEN12003041,522382,CHECK ASSAY,522382,0.23277592,0.202,M13587,Au,ppm,ppm,0.01,ACME,,,,M13587,,,,ARD 22
Arizaro,MEN12003041,522392,CHECK ASSAY,522392,0.139933993,0.139,M13587,Au,ppm,ppm,0.01,ACME,,,,M13587,,,,ARD 22
Arizaro,MEN12003041,522402,CHECK ASSAY,522402,0.121967213,0.125,M13587,Au,ppm,ppm,0.01,ACME,,,,M13587,,,,ARD 22
Arizaro,MEN12003042,522412,CHECK ASSAY,522412,0.403921569,0.155,M13587,Au,ppm,ppm,0.01,ACME,,,,M13587,,,,ARD 22
Arizaro,MEN12003042,522422,CHECK ASSAY,522422,0.378431373,0.366,M13587,Au,ppm,ppm,0.01,ACME,,,,M13587,,,,ARD 22
Arizaro,MEN12003042,522432,CHECK ASSAY,522432,0.198662207,0.21,M13587,Au,ppm,ppm,0.01,ACME,,,,M13587,,,,ARD 22
Arizaro,MEN12003042,522442,CHECK ASSAY,522442,0.112131148,0.095,M13587,Au,ppm,ppm,0.01,ACME,,,,M13587,,,,ARD 22
Arizaro,MEN12003042,522452,CHECK ASSAY,522452,0.195424837,0.199,M13587,Au,ppm,ppm,0.01,ACME,,,,M13587,,,,ARD 22
Arizaro,MEN12003042,522462,CHECK ASSAY,522462,0.317607973,0.284,M13587,Au,ppm,ppm,0.01,ACME,,,,M13587,,,,ARD 22
Arizaro,MEN12003042,522472,CHECK ASSAY,522472,0.186928105,0.231,M13587,Au,ppm,ppm,0.01,ACME,,,,M13587,,,,ARD 22
Arizaro,MEN12003042,522482,CHECK ASSAY,522482,0.210884354,0.191,M13587,Au,ppm,ppm,0.01,ACME,,,,M13587,,,,ARD 22
Arizaro,MEN12003042,522492,CHECK ASSAY,522492,0.060726073,0.106,M13587,Au,ppm,ppm,0.01,ACME,,,,M13587,,,,ARD 23
Arizaro,MEN12003042,522502,CHECK ASSAY,522502,0.074496644,0.083,M13587,Au,ppm,ppm,0.01,ACME,,,,M13587,,,,ARD 23
Arizaro,MEN12003043,522512,CHECK ASSAY,522512,0.229333333,0.242,M13587,Au,ppm,ppm,0.01,ACME,,,,M13587,,,,ARD 23
Arizaro,MEN12003043,522522,CHECK ASSAY,522522,0.367105263,0.371,M13587,Au,ppm,ppm,0.01,ACME,,,,M13587,,,,ARD 23
Arizaro,MEN12003043,522532,CHECK ASSAY,522532,0.092358804,0.111,M13587,Au,ppm,ppm,0.01,ACME,,,,M13587,,,,ARD 23
Arizaro,MEN12003043,522542,CHECK ASSAY,522542,0.316498316,0.325,M13587,Au,ppm,ppm,0.01,ACME,,,,M13587,,,,ARD 23
Arizaro,MEN12003043,522552,CHECK ASSAY,522552,0.062458472,0.086,M13587,Au,ppm,ppm,0.01,ACME,,,,M13587,,,,ARD 23
Arizaro,MEN12003043,522562,CHECK ASSAY,522562,0.20330033,0.263,M13587,Au,ppm,ppm,0.01,ACME,,,,M13587,,,,ARD 23
Arizaro,MEN12003043,522572,CHECK ASSAY,522572,0.124916944,0.131,M13587,Au,ppm,ppm,0.01,ACME,,,,M13587,,,,ARD 23
Arizaro,MEN12003043,522582,CHECK ASSAY,522582,0.235099338,0.15,M13587,Au,ppm,ppm,0.01,ACME,,,,M13587,,,,ARD 23
Arizaro,MEN12003068,522592,CHECK ASSAY,522592,0.044897959,0.106,M13587,Au,ppm,ppm,0.01,ACME,,,,M13587,,,,ARD 24
Arizaro,MEN12003068,522602,CHECK ASSAY,522602,0.228378378,0.083,M13587,Au,ppm,ppm,0.01,ACME,,,,M13587,,,,ARD 24
Arizaro,MEN12003068,522612,CHECK ASSAY,522612,0.059405941,0.242,M13587,Au,ppm,ppm,0.01,ACME,,,,M13587,,,,ARD 24
Arizaro,MEN12003068,522622,CHECK ASSAY,522622,0.046101695,0.371,M13587,Au,ppm,ppm,0.01,ACME,,,,M13587,,,,ARD 24
Arizaro,MEN12003068,522632,CHECK ASSAY,522632,0.312162162,0.111,M13587,Au,ppm,ppm,0.01,ACME,,,,M13587,,,,ARD 24
Arizaro,MEN12003073,522642,CHECK ASSAY,522642,0.350993377,0.325,M13587,Au,ppm,ppm,0.01,ACME,,,,M13587,,,,ARD 24
Arizaro,MEN12003073,522652,CHECK ASSAY,522652,0.355339806,0.086,M13587,Au,ppm,ppm,0.01,ACME,,,,M13587,,,,ARD 24
Arizaro,MEN12003073,522662,CHECK ASSAY,522662,0.609364548,0.263,M13587,Au,ppm,ppm,0.01,ACME,,,,M13587,,,,ARD 24
Arizaro,MEN12003073,522672,CHECK ASSAY,522672,0.317218543,0.131,M13587,Au,ppm,ppm,0.01,ACME,,,,M13587,,,,ARD 24
Arizaro,MEN12003073,522682,CHECK ASSAY,522682,0.362962963,0.15,M13587,Au,ppm,ppm,0.01,ACME,,,,M13587,,,,ARD 24
Arizaro,MEN12003073,522692,CHECK ASSAY,522692,1.083006536,1.038,M13587,Au,ppm,ppm,0.01,ACME,,,,M13587,,,,ARD 24
Arizaro,MEN12003073,522702,CHECK ASSAY,522702,1.539799331,1.445,M13587,Au,ppm,ppm,0.01,ACME,,,,M13587,,,,ARD 24
Arizaro,MEN12003073,522712,CHECK ASSAY,522712,1.137254902,1.276,M13587,Au,ppm,ppm,0.01,ACME,,,,M13587,,,,ARD 24
Arizaro,MEN12003073,522722,CHECK ASSAY,522722,0.798679868,0.778,M13587,Au,ppm,ppm,0.01,ACME,,,,M13587,,,,ARD 24
Arizaro,MEN12003073,522732,CHECK ASSAY,522732,0.329333333,0.363,M13587,Au,ppm,ppm,0.01,ACME,,,,M13587,,,,ARD 24
Arizaro,MEN12003073,522742,CHECK ASSAY,522742,0.059210526,0.056,M13587,Au,ppm,ppm,0.01,ACME,,,,M13587,,,,ARD 25
Arizaro,MEN12003073,522752,CHECK ASSAY,522752,-0.01,0.027,M13587,Au,ppm,ppm,0.01,ACME,,,,M13587,,,,ARD 25
Arizaro,MEN12003073,522762,CHECK ASSAY,522762,0.258389262,0.247,M13587,Au,ppm,ppm,0.01,ACME,,,,M13587,,,,ARD 25
Arizaro,MEN12003073,522772,CHECK ASSAY,522772,0.043564356,0.058,M13587,Au,ppm,ppm,0.01,ACME,,,,M13587,,,,ARD 25
Arizaro,MEN12003073,522782,CHECK ASSAY,522782,0.153094463,0.139,M13587,Au,ppm,ppm,0.01,ACME,,,,M13587,,,,ARD 25
Arizaro,MEN12003073,522792,CHECK ASSAY,522792,0.061038961,0.054,M13587,Au,ppm,ppm,0.01,ACME,,,,M13587,,,,ARD 25
Arizaro,MEN12003114,522802,CHECK ASSAY,522802,0.32559727,0.338,M13587,Au,ppm,ppm,0.01,ACME,,,,M13587,,,,ARD 25
Arizaro,MEN12003114,522812,CHECK ASSAY,522812,0.41443299,0.486,M13587,Au,ppm,ppm,0.01,ACME,,,,M13587,,,,ARD 25
Arizaro,MEN12003114,522822,CHECK ASSAY,522822,0.087417219,0.092,M13587,Au,ppm,ppm,0.01,ACME,,,,M13587,,,,ARD 25
Arizaro,MEN12003114,522832,CHECK ASSAY,522832,0.384313725,0.39,M13587,Au,ppm,ppm,0.01,ACME,,,,M13587,,,,ARD 25
Arizaro,MEN12003114,522842,CHECK ASSAY,522842,0.207973422,0.21,M13587,Au,ppm,ppm,0.01,ACME,,,,M13587,,,,ARD 25
Arizaro,MEN12003134,522852,CHECK ASSAY,522852,0.101324503,0.088,M13587,Au,ppm,ppm,0.01,ACME,,,,M13587,,,,ARD 26
Arizaro,MEN12003134,522862,CHECK ASSAY,522862,0.163513514,0.173,M13587,Au,ppm,ppm,0.01,ACME,,,,M13587,,,,ARD 26
Arizaro,MEN12003134,522872,CHECK ASSAY,522872,0.077288136,0.105,M13587,Au,ppm,ppm,0.01,ACME,,,,M13587,,,,ARD 26
Arizaro,MEN12003134,522882,CHECK ASSAY,522882,0.228666667,0.244,M13587,Au,ppm,ppm,0.01,ACME,,,,M13587,,,,ARD 26
Arizaro,MEN12003134,522892,CHECK ASSAY,522892,0.051655629,0.059,M13587,Au,ppm,ppm,0.01,ACME,,,,M13587,,,,ARD 26
Arizaro,MEN12003191,522902,CHECK ASSAY,522902,0.226229508,0.192,M13587,Au,ppm,ppm,0.01,ACME,,,,M13587,,,,ARD 26
Arizaro,MEN12003191,522912,CHECK ASSAY,522912,0.201960784,0.167,M13587,Au,ppm,ppm,0.01,ACME,,,,M13587,,,,ARD 26
Arizaro,MEN12003191,522922,CHECK ASSAY,522922,0.095049505,0.067,M13587,Au,ppm,ppm,0.01,ACME,,,,M13587,,,,ARD 26
Arizaro,MEN12003191,522932,CHECK ASSAY,522932,0.092409241,0.076,M13587,Au,ppm,ppm,0.01,ACME,,,,M13587,,,,ARD 26
Arizaro,MEN12003191,522942,CHECK ASSAY,522942,0.230618893,0.242,M13587,Au,ppm,ppm,0.01,ACME,,,,M13587,,,,ARD 27
Arizaro,MEN13000002,522952,CHECK ASSAY,522952,0.096928328,0.116,M13587,Au,ppm,ppm,0.01,ACME,,,,M13587,,,,ARD 27
Arizaro,MEN13000002,522962,CHECK ASSAY,522962,2.014715719,1.892,M13587,Au,ppm,ppm,0.01,ACME,,,,M13587,,,,ARD 27
Arizaro,MEN13000002,522972,CHECK ASSAY,522972,0.805351171,0.766,M13587,Au,ppm,ppm,0.01,ACME,,,,M13587,,,,ARD 27
Arizaro,MEN13000002,522982,CHECK ASSAY,522982,0.232467532,0.255,M13587,Au,ppm,ppm,0.01,ACME,,,,M13587,,,,ARD 27
Arizaro,MEN13000002,522992,CHECK ASSAY,522992,0.136842105,0.133,M13587,Au,ppm,ppm,0.01,ACME,,,,M13587,,,,ARD 27
Arizaro,MEN13000002,523002,CHECK ASSAY,523002,0.248666667,0.278,M13587,Au,ppm,ppm,0.01,ACME,,,,M13587,,,,ARD 27
Arizaro,MEN13000002,523012,CHECK ASSAY,523012,0.157377049,0.147,M13587,Au,ppm,ppm,0.01,ACME,,,,M13587,,,,ARD 27
Arizaro,MEN13000002,523022,CHECK ASSAY,523022,0.11465798,0.08,M13587,Au,ppm,ppm,0.01,ACME,,,,M13587,,,,ARD 27
Arizaro,MEN13000002,523032,CHECK ASSAY,523032,0.060135135,0.057,M13587,Au,ppm,ppm,0.01,ACME,,,,M13587,,,,ARD 27
Arizaro,MEN13000002,523042,CHECK ASSAY,523042,0.433552632,0.398,M13587,Au,ppm,ppm,0.01,ACME,,,,M13587,,,,ARD 28
Arizaro,MEN13000002,523052,CHECK ASSAY,523052,1.190879479,1.445,M13587,Au,ppm,ppm,0.01,ACME,,,,M13587,,,,ARD 28
Arizaro,MEN13000002,523062,CHECK ASSAY,523062,0.139534884,0.159,M13587,Au,ppm,ppm,0.01,ACME,,,,M13587,,,,ARD 28
Arizaro,MEN13000002,523072,CHECK ASSAY,523072,0.407284768,0.553,M13587,Au,ppm,ppm,0.01,ACME,,,,M13587,,,,ARD 28
Arizaro,MEN13000002,523082,CHECK ASSAY,523082,0.263398693,0.249,M13587,Au,ppm,ppm,0.01,ACME,,,,M13587,,,,ARD 28
Arizaro,MEN13000003,523092,CHECK ASSAY,523092,0.565771812,0.952,M13587,Au,ppm,ppm,0.01,ACME,,,,M13587,,,,ARD 28
Arizaro,MEN13000003,523102,CHECK ASSAY,523102,0.666,0.398,M13587,Au,ppm,ppm,0.01,ACME,,,,M13587,,,,ARD 28
Arizaro,MEN13000003,523112,CHECK ASSAY,523112,0.127210884,0.116,M13587,Au,ppm,ppm,0.01,ACME,,,,M13587,,,,ARD 28
Arizaro,MEN13000003,523122,CHECK ASSAY,523122,0.023728814,0.033,M13587,Au,ppm,ppm,0.01,ACME,,,,M13587,,,,ARD 28
Arizaro,MEN13000003,523132,CHECK ASSAY,523132,0.018060201,0.017,M13587,Au,ppm,ppm,0.01,ACME,,,,M13587,,,,ARD 28
Arizaro,MEN13000003,523142,CHECK ASSAY,523142,0.259459459,0.259,M13587,Au,ppm,ppm,0.01,ACME,,,,M13587,,,,ARD 28
Arizaro,MEN13000003,523152,CHECK ASSAY,523152,0.033333333,0.033,M13587,Au,ppm,ppm,0.01,ACME,,,,M13587,,,,ARD 29
Arizaro,MEN13000003,523162,CHECK ASSAY,523162,0.181290323,0.209,M13587,Au,ppm,ppm,0.01,ACME,,,,M13587,,,,ARD 29
Arizaro,MEN13000003,523172,CHECK ASSAY,523172,0.057807309,0.04,M13587,Au,ppm,ppm,0.01,ACME,,,,M13587,,,,ARD 29
Arizaro,MEN13000003,523182,CHECK ASSAY,523182,0.038436482,0.04,M13587,Au,ppm,ppm,0.01,ACME,,,,M13587,,,,ARD 29
Arizaro,MEN13000003,523192,CHECK ASSAY,523192,0.067785235,0.064,M13587,Au,ppm,ppm,0.01,ACME,,,,M13587,,,,ARD 29
Arizaro,MEN13000003,523202,CHECK ASSAY,523202,0.441558442,0.552,M13587,Au,ppm,ppm,0.01,ACME,,,,M13587,,,,ARD 29
Arizaro,MEN13000003,523212,CHECK ASSAY,523212,0.079867987,0.083,M13587,Au,ppm,ppm,0.01,ACME,,,,M13587,,,,ARD 29
Arizaro,MEN13000003,523222,CHECK ASSAY,523222,0.113898305,0.112,M13587,Au,ppm,ppm,0.01,ACME,,,,M13587,,,,ARD 29
Arizaro,MEN13000003,523232,CHECK ASSAY,523232,0.064238411,0.064,M13587,Au,ppm,ppm,0.01,ACME,,,,M13587,,,,ARD 29
